{"rmse": 0.42036145633417366, "r2": 0.9683130807379119}